Parameters;precision-pbr-mean;precision-pbr-std;recall-pbr-mean;recall-pbr-std;f1-score-pbr-mean;f1-score-pbr-std;auc_roc-pbr-mean;auc_roc-pbr-std;accuracy-pbr-mean;accuracy-pbr-std;time-pbr-mean;time-pbr-std;precision-inq-mean;precision-inq-std;recall-inq-mean;recall-inq-std;f1-score-inq-mean;f1-score-inq-std;auc_roc-inq-mean;auc_roc-inq-std;accuracy-inq-mean;accuracy-inq-std;time-inq-mean;time-inq-std;precision-irr-mean;precision-irr-std;recall-irr-mean;recall-irr-std;f1-score-irr-mean;f1-score-irr-std;auc_roc-irr-mean;auc_roc-irr-std;accuracy-irr-mean;accuracy-irr-std;time-irr-mean;time-irr-std;precision;recall;f1-score;auc_roc;accuracy;time
OCSVM_kernel-linear_scale_01_;0.08722984117902302;0.0022583413153709864;0.8176379176379177;0.027847222014737015;0.15763839133171073;0.004158969253367214;0.8606059650490782;0.011402123905180193;0.7537608201855902;0.003269475474199819;85.60706446170806;6.939686569660727;0.07069528967360698;0.0016899075668045287;0.8109090909090909;0.02256304299271063;0.1300513947641845;0.0031293060197116985;0.8595548168762454;0.013033826855295232;0.7791003332099222;0.0022337832038224945;70.68032155036926;5.266436051584859;0.10865337387447371;0.0033307715665107773;0.7392981629769195;0.026604657731345856;0.18946091058732395;0.0059318734480182;0.31088862574294757;0.011446616890194683;0.1657482151399964;0.0034114355751202192;188.9951491355896;9.632470155680856;0.08885950157570123;0.7892817238413095;0.15905023222773973;0.677016469222757;0.5662031228451696;115.09417838255564
OCSVM_kernel-linear_scale_02_;0.09361482230203669;0.003673677648916335;0.7424825174825175;0.037405444808717984;0.1662627064754538;0.006710969274681627;0.8548053553269245;0.011628772380264437;0.7902211112095072;0.00210718728833859;119.86918981075287;12.186688102906238;0.0812914518429062;0.0026408604152725655;0.7327272727272728;0.025454545454545452;0.14634184801551825;0.004712670785084884;0.8610215247715247;0.013329233858424414;0.8259163272861902;0.003261626729246518;102.38725135326385;5.640651278098143;0.10984625614657287;0.0036976209323601127;0.7060890922548955;0.027165562037875107;0.19011550669885485;0.006520662991046743;0.34187496527073896;0.010196955616787816;0.20660401128391664;0.0036598690212367;302.4444322824478;26.84914320226068;0.09491751009717192;0.7270996274882285;0.16757335372994228;0.6859006151230628;0.6075804832598714;174.90029114882154
OCSVM_kernel-linear_scale_03_;0.10023414936071806;0.00536717898118314;0.6562208624708624;0.0472754474734334;0.17389555875554963;0.009718129022427174;0.8385127374027475;0.013260097067885421;0.8244651429356644;0.0022244880100701354;170.88716235160828;10.205830521286;0.09481903930681215;0.003188555219589047;0.6527272727272728;0.023983465378678032;0.16557685210387446;0.0055241882734873;0.8628803339517626;0.015300731697259954;0.8660310995927434;0.002563781697354737;146.17317154407502;14.371396013108352;0.10980194289473419;0.00432441314118944;0.6503216472646525;0.029939315480007625;0.18788040372255027;0.007579302457815471;0.3725330566203063;0.009460239998864335;0.25861424286553597;0.0029656082315288215;427.8808039188385;42.60531974227987;0.10161837718742146;0.653089927487596;0.1757842715273248;0.6913087093249387;0.6497034951313146;248.31371260484062
OCSVM_kernel-linear_scale_04_;0.11051331093059398;0.00570779904361815;0.5726835664335664;0.035748237815859896;0.18526650816486043;0.009856678244469013;0.8286081071916088;0.014659144726741936;0.8581206816681337;0.001609614283968348;191.0058852672577;14.04788420238605;0.10604603607081928;0.004996778207462525;0.5654545454545454;0.033228485240903764;0.17858772305271847;0.008675452260944665;0.8631682470968185;0.016098601831796407;0.8941318030359126;0.001640032991986897;146.80273611545562;19.965281848398597;0.10767047169915862;0.004675760927470586;0.5792463495054168;0.029077687990697283;0.1815861756986288;0.008077756862291736;0.38374973161492265;0.008867422998658505;0.3114799006112395;0.003086922938117826;457.76815435886385;11.423067488181616;0.10807660623352396;0.5724614871311762;0.1818134689720692;0.6918420286344501;0.6879107951050952;265.19225858052573
OCSVM_kernel-linear_scale_05_;0.130592736510637;0.00803280019536873;0.48022533022533026;0.037764698284459525;0.2053217279228277;0.013300253660727021;0.8208893576571427;0.015003676942905147;0.8953458516277664;0.0015758841282304318;243.47920722961425;16.678005581964356;0.1283311147396167;0.008809335986786593;0.4781818181818182;0.04363636363636365;0.2023306363189113;0.014801396095897179;0.8640278636707208;0.016731356052417195;0.9233432062199187;0.001018814358076043;182.79642181396486;14.967306440175197;0.10509105950931288;0.0038998862834554553;0.48897584281003964;0.023229984654562046;0.17299780087541675;0.006735824845044358;0.38623580390477974;0.00904810176221778;0.383575845749318;0.001629669149315585;543.7769326925278;10.38665165153435;0.1213383035865222;0.48246099707239604;0.1935500550390519;0.6903843417442145;0.734088301199001;323.35085391203563
OCSVM_kernel-linear_scale_06_;0.13790400585232254;0.01112956537514401;0.37859362859362855;0.040417270365135344;0.2021307550376681;0.01768098472675128;0.8111720308926413;0.01496857134424851;0.9159393594894837;0.001053085220912547;267.39708213806153;15.718817201572703;0.138929013828006;0.010430025802104064;0.37727272727272726;0.0392596779667076;0.20303544611021832;0.01676909219675972;0.859642427678142;0.01691871067749044;0.9398185857089965;0.0006436630377902069;190.43351271152497;20.932198776727255;0.09938325070747248;0.00348601969815214;0.3849518874907476;0.016519655405266967;0.15797846114778014;0.005787992972223815;0.3918996783145414;0.008769769353326523;0.4588537462682968;0.0019760036830052292;656.5332180738449;97.12799505996674;0.12540542346260034;0.38027274778570114;0.18771488743188883;0.687571378961775;0.7715372304889256;371.4546043078105
OCSVM_kernel-linear_scale_07_;0.15975104127089268;0.022583093223411302;0.2881604506604507;0.051641656177246587;0.2054558004911217;0.03185743727008366;0.7988413549254871;0.014938996421069868;0.9375331250190901;0.000979757038925104;316.829705786705;19.880936771134387;0.15407724071161202;0.01693648666261525;0.2854545454545455;0.04028821782938243;0.2000700320553001;0.02421853526907691;0.8530964405964406;0.016498779829862007;0.9536838208071083;0.000522278266555541;243.8707236766815;14.109537783322223;0.09481531106531403;0.004832349175286406;0.2931128457035193;0.017134674353880393;0.14328015752728712;0.007561701451365703;0.4007815067105751;0.009248261672250855;0.5377929602203768;0.0020899568347036335;723.3062856435776;24.606981284959467;0.13621453101593958;0.2889092806061719;0.18293533002456966;0.6842397674108343;0.8096699686821918;428.002238368988
OCSVM_kernel-linear_scale_08_;0.1861748054019385;0.02244595431743208;0.19489121989121988;0.033849683477107616;0.19027209730709144;0.027902475111424387;0.7913955323043366;0.015300707708052605;0.953497966624122;0.0004662136160901038;341.5713522672653;15.104869496693027;0.14946163825570938;0.017402033985448012;0.18454545454545454;0.02604827051253528;0.1651183247940257;0.021037879533454516;0.8450167491238918;0.01630486733695923;0.962088115512773;0.0005352399961051977;269.624045419693;22.79516237595202;0.08662592691386772;0.007261812381964389;0.19713478231612946;0.01921641866648343;0.12035678257107225;0.01058751717204428;0.40356212915282724;0.00954809523167085;0.6202566067744245;0.0012652017496859616;782.9966195583344;56.5396513302059;0.14075412352383854;0.19219048558426796;0.15858240155739647;0.6799914701936851;0.8452808963037731;464.7306724150976
OCSVM_kernel-linear_scale_09_;0.220702589229773;0.031165592599619478;0.09392482517482517;0.020575676747132773;0.13154967259150827;0.025624979590713352;0.78509943904621;0.015411185272409499;0.9652460412894903;0.0003376046621477372;358.47870445251465;36.67245085961354;0.15860727086533538;0.03482158904419187;0.08818181818181818;0.022654428717049296;0.11329859369734743;0.027600561847570985;0.8375179516250946;0.016066377232379206;0.9720103665309147;0.00046684636108546555;271.0865557909012;12.537212216611492;0.08130345869019842;0.01116281433611312;0.09856739115806475;0.016200549090949604;0.08909017555546879;0.013294993428119857;0.40256624526153634;0.00982926319401417;0.7347134517877637;0.0012662271844319814;868.4074727773666;64.25731099153828;0.1535377729284356;0.09355801150490269;0.11131281394810816;0.6750612119776136;0.8906566198693896;499.3242443402608
OCSVM_kernel-linear_auto_01_;0.08722984117902302;0.0022583413153709864;0.8176379176379177;0.027847222014737015;0.15763839133171073;0.004158969253367214;0.8606059650490782;0.011402123905180193;0.7537608201855902;0.003269475474199819;74.88989117145539;5.879043851109222;0.07069528967360698;0.0016899075668045287;0.8109090909090909;0.02256304299271063;0.1300513947641845;0.0031293060197116985;0.8595548168762454;0.013033826855295232;0.7791003332099222;0.0022337832038224945;54.92290022373199;7.4214385793195605;0.10865337387447371;0.0033307715665107773;0.7392981629769195;0.026604657731345856;0.18946091058732395;0.0059318734480182;0.31088862574294757;0.011446616890194683;0.1657482151399964;0.0034114355751202192;180.46393537521362;13.789538773156883;0.08885950157570123;0.7892817238413095;0.15905023222773973;0.677016469222757;0.5662031228451696;103.42557559013368
OCSVM_kernel-linear_auto_02_;0.09361482230203669;0.003673677648916335;0.7424825174825175;0.037405444808717984;0.1662627064754538;0.006710969274681627;0.8548053553269245;0.011628772380264437;0.7902211112095072;0.00210718728833859;109.66318185329438;8.67166476698326;0.0812914518429062;0.0026408604152725655;0.7327272727272728;0.025454545454545452;0.14634184801551825;0.004712670785084884;0.8610215247715247;0.013329233858424414;0.8259163272861902;0.003261626729246518;77.17885239124298;4.553122014674961;0.10984625614657287;0.0036976209323601127;0.7060890922548955;0.027165562037875107;0.19011550669885485;0.006520662991046743;0.34187496527073896;0.010196955616787816;0.20660401128391664;0.0036598690212367;258.70136148929595;23.638437390214662;0.09491751009717192;0.7270996274882285;0.16757335372994228;0.6859006151230628;0.6075804832598714;148.5144652446111
OCSVM_kernel-linear_auto_03_;0.10023414936071806;0.00536717898118314;0.6562208624708624;0.0472754474734334;0.17389555875554963;0.009718129022427174;0.8385127374027475;0.013260097067885421;0.8244651429356644;0.0022244880100701354;150.06958310604097;6.481782863236678;0.09481903930681215;0.003188555219589047;0.6527272727272728;0.023983465378678032;0.16557685210387446;0.0055241882734873;0.8628803339517626;0.015300731697259954;0.8660310995927434;0.002563781697354737;116.61043243408203;11.154928285648626;0.10980194289473419;0.00432441314118944;0.6503216472646525;0.029939315480007625;0.18788040372255027;0.007579302457815471;0.3725330566203063;0.009460239998864335;0.25861424286553597;0.0029656082315288215;354.16279516220095;17.895377967964194;0.10161837718742146;0.653089927487596;0.1757842715273248;0.6913087093249387;0.6497034951313146;206.94760356744132
OCSVM_kernel-linear_auto_04_;0.11051331093059398;0.00570779904361815;0.5726835664335664;0.035748237815859896;0.18526650816486043;0.009856678244469013;0.8286081071916088;0.014659144726741936;0.8581206816681337;0.001609614283968348;176.3052063703537;13.99826331609965;0.10604603607081928;0.004996778207462525;0.5654545454545454;0.033228485240903764;0.17858772305271847;0.008675452260944665;0.8631682470968185;0.016098601831796407;0.8941318030359126;0.001640032991986897;131.63422312736512;12.048551741235809;0.10767047169915862;0.004675760927470586;0.5792463495054168;0.029077687990697283;0.1815861756986288;0.008077756862291736;0.38374973161492265;0.008867422998658505;0.3114799006112395;0.003086922938117826;419.95149743556976;48.04612879754295;0.10807660623352396;0.5724614871311762;0.1818134689720692;0.6918420286344501;0.6879107951050952;242.63030897776287
OCSVM_kernel-linear_auto_05_;0.130592736510637;0.00803280019536873;0.48022533022533026;0.037764698284459525;0.2053217279228277;0.013300253660727021;0.8208893576571427;0.015003676942905147;0.8953458516277664;0.0015758841282304318;231.4118426799774;26.60139916815447;0.1283311147396167;0.008809335986786593;0.4781818181818182;0.04363636363636365;0.2023306363189113;0.014801396095897179;0.8640278636707208;0.016731356052417195;0.9233432062199187;0.001018814358076043;169.38436157703399;17.297221949984642;0.10509105950931288;0.0038998862834554553;0.48897584281003964;0.023229984654562046;0.17299780087541675;0.006735824845044358;0.38623580390477974;0.00904810176221778;0.383575845749318;0.001629669149315585;486.4215287208557;69.64785628410853;0.1213383035865222;0.48246099707239604;0.1935500550390519;0.6903843417442145;0.734088301199001;295.73924432595567
OCSVM_kernel-linear_auto_06_;0.13790400585232254;0.01112956537514401;0.37859362859362855;0.040417270365135344;0.2021307550376681;0.01768098472675128;0.8111720308926413;0.01496857134424851;0.9159393594894837;0.001053085220912547;257.6340407371521;23.065127446040382;0.138929013828006;0.010430025802104064;0.37727272727272726;0.0392596779667076;0.20303544611021832;0.01676909219675972;0.859642427678142;0.01691871067749044;0.9398185857089965;0.0006436630377902069;219.01395654678345;27.548457050411287;0.09938325070747248;0.00348601969815214;0.3849518874907476;0.016519655405266967;0.15797846114778014;0.005787992972223815;0.3918996783145414;0.008769769353326523;0.4588537462682968;0.0019760036830052292;770.6873627901077;87.47257053965251;0.12540542346260034;0.38027274778570114;0.18771488743188883;0.687571378961775;0.7715372304889256;415.7784533580145
OCSVM_kernel-linear_auto_07_;0.15975104127089268;0.022583093223411302;0.2881604506604507;0.051641656177246587;0.2054558004911217;0.03185743727008366;0.7988413549254871;0.014938996421069868;0.9375331250190901;0.000979757038925104;480.8883476257324;115.16329322196023;0.15407724071161202;0.01693648666261525;0.2854545454545455;0.04028821782938243;0.2000700320553001;0.02421853526907691;0.8530964405964406;0.016498779829862007;0.9536838208071083;0.000522278266555541;239.7368566274643;32.70862654311827;0.09481531106531403;0.004832349175286406;0.2931128457035193;0.017134674353880393;0.14328015752728712;0.007561701451365703;0.4007815067105751;0.009248261672250855;0.5377929602203768;0.0020899568347036335;676.3662927389145;30.846522096263413;0.13621453101593958;0.2889092806061719;0.18293533002456966;0.6842397674108343;0.8096699686821918;465.66383233070366
OCSVM_kernel-linear_auto_08_;0.1861748054019385;0.02244595431743208;0.19489121989121988;0.033849683477107616;0.19027209730709144;0.027902475111424387;0.7913955323043366;0.015300707708052605;0.953497966624122;0.0004662136160901038;304.5739193439484;14.580785692130101;0.14946163825570938;0.017402033985448012;0.18454545454545454;0.02604827051253528;0.1651183247940257;0.021037879533454516;0.8450167491238918;0.01630486733695923;0.962088115512773;0.0005352399961051977;253.04304871559142;19.63232718594795;0.08662592691386772;0.007261812381964389;0.19713478231612946;0.01921641866648343;0.12035678257107225;0.01058751717204428;0.40356212915282724;0.00954809523167085;0.6202566067744245;0.0012652017496859616;754.4168791532517;31.034496966770305;0.14075412352383854;0.19219048558426796;0.15858240155739647;0.6799914701936851;0.8452808963037731;437.34461573759717
OCSVM_kernel-linear_auto_09_;0.220702589229773;0.031165592599619478;0.09392482517482517;0.020575676747132773;0.13154967259150827;0.025624979590713352;0.78509943904621;0.015411185272409499;0.9652460412894903;0.0003376046621477372;334.9992861032486;11.123364240885651;0.15860727086533538;0.03482158904419187;0.08818181818181818;0.022654428717049296;0.11329859369734743;0.027600561847570985;0.8375179516250946;0.016066377232379206;0.9720103665309147;0.00046684636108546555;278.9815442562103;15.845337100470834;0.08130345869019842;0.01116281433611312;0.09856739115806475;0.016200549090949604;0.08909017555546879;0.013294993428119857;0.40256624526153634;0.00982926319401417;0.7347134517877637;0.0012662271844319814;808.1399295091629;29.9312787399816;0.1535377729284356;0.09355801150490269;0.11131281394810816;0.6750612119776136;0.8906566198693896;474.04025328954066
OCSVM_kernel-poly_2_scale_01_;0.1676201533069011;0.010458129582145521;0.5282051282051282;0.04049875360589481;0.25445586226185746;0.016617991571134586;0.871438692208117;0.011416768458331535;0.9128405972878628;0.0017926227390588523;190.99598031044007;15.296574308877544;0.14032456928445086;0.008441929957497759;0.46454545454545454;0.034124226143860834;0.21552472731820269;0.013568580457412825;0.8808364254792826;0.01600065248297575;0.9311921510551647;0.0010208304834477648;157.7694897890091;10.83498475866059;0.11283055285236906;0.004479788500549885;0.6951914406836687;0.030089617947850856;0.1941496091783693;0.007801520643792866;0.3798425685959103;0.010875723386739384;0.23887076065746818;0.005686022100549772;213.07290613651276;15.507483264958406;0.140258425147907;0.5626473411447505;0.2213767329194765;0.71070589542777;0.6943011696668319;187.27945874532065
OCSVM_kernel-poly_2_scale_02_;0.16923362764524766;0.01145027364135454;0.46834693084693085;0.04605759664896788;0.24854888444837714;0.018616365090528532;0.857750263247236;0.01286987046695427;0.9203523548760051;0.0017766060632167643;196.60039846897126;5.902389550490165;0.1455855451652099;0.009034819045736312;0.4418181818181818;0.03548949326535115;0.218980914422977;0.014499024004492713;0.8751948910877483;0.01626559630893927;0.9358941132913736;0.0009368071772587846;157.262766456604;13.286311488987883;0.1133321080447633;0.00422267400917835;0.6363111499899065;0.02632711261457556;0.19239619154974813;0.007285729407552647;0.39942629236681404;0.009836996842685781;0.2954662834799554;0.004363187969276931;304.0189652442932;13.976952069363724;0.14271709361840695;0.5154920875516731;0.21997533014036744;0.7107904822339327;0.7172375838824446;219.29404338995616
OCSVM_kernel-poly_2_scale_03_;0.16270590153819753;0.014732032935986902;0.3980963480963481;0.047563252880492;0.23095220277366746;0.022875006732500307;0.8418067728045022;0.013985452919471826;0.9254908673313509;0.0008654985130537481;240.40334603786468;19.016304765991737;0.14749444894325217;0.00976667998411395;0.4036363636363636;0.03406362544580943;0.21602183579394646;0.015300168505473312;0.8694947777090635;0.016586886832298486;0.9404109589041095;0.0007562642804818851;184.13938088417052;12.483326396577771;0.1124656495662916;0.004615118733957118;0.5722387457102484;0.026999193286686575;0.1879839853920718;0.007899021558705626;0.4061943283811142;0.008442484724862543;0.3480584605607349;0.004072257989639172;406.24294822216035;21.085870722787035;0.1408886666825804;0.45799048581432;0.21165267465322857;0.7058319596315599;0.7379867622653985;276.9285583813985
OCSVM_kernel-poly_2_scale_04_;0.1637832026627711;0.01759589681864995;0.34867909867909874;0.04891387099361077;0.22279743070233643;0.026286467290513864;0.8301948039347129;0.014369168381799455;0.9317081072904779;0.0010091537463133746;264.813090634346;14.20569130607594;0.14125184919163852;0.011602148025248244;0.33090909090909093;0.03357488238658072;0.19796251940506687;0.017361457891757373;0.8621099601456745;0.016661056836579837;0.9454831543872639;0.0007732913207776985;196.38863332271575;12.254723788277776;0.10853928240063064;0.004490935147198967;0.47911446066886487;0.023142701414515892;0.17698269221742408;0.007545332623161459;0.40789631454606406;0.008465140144031026;0.412386796122143;0.0028197659439472044;525.324460029602;45.56181176239077;0.13785811141834675;0.38623421675235153;0.1992475474416091;0.7000670262088171;0.763192685933295;328.84206132888795
OCSVM_kernel-poly_2_scale_05_;0.1627038477476328;0.019241103138056912;0.293730574980575;0.04391620709440318;0.20934473707095017;0.02712901861956997;0.8191457225362372;0.014882510135920304;0.9377096763794407;0.0009494326285963916;281.8791617155075;14.218435068689145;0.14165885409696966;0.012373501992723046;0.2681818181818182;0.031557372650381416;0.18533062211316031;0.018068761614421447;0.8529721535078678;0.016468660612089615;0.9521103295075898;0.0006728168028650832;225.37583792209625;16.622463527543328;0.10452472898224614;0.0038594403783775593;0.3979254424332144;0.017626981277908536;0.16555928835540953;0.006364963776365879;0.4070452274376374;0.008372216542415276;0.4710351684567368;0.0014006870851751257;550.081401848793;34.93719539369877;0.13629581027561619;0.31994594519853586;0.18674488251317334;0.6930543678272474;0.7869517247812557;352.4454671621323
OCSVM_kernel-poly_2_scale_06_;0.1707049857979827;0.02118261474381745;0.2373494560994561;0.04110723929084755;0.19842619314446416;0.028695271455159353;0.8074604541103028;0.014945178321757405;0.9462608380738505;0.0007973038184903236;302.0726691246033;6.321234420368128;0.1358802555665691;0.016674519408011065;0.2018181818181818;0.03009626428590336;0.1623621334536748;0.021618188736309107;0.8405106335463479;0.01602246120190586;0.9577193631988153;0.0006150776647847323;225.60833292007447;5.785206630532769;0.09783570446148203;0.0031562483223191618;0.3162041585357648;0.0120815787923989;0.14943349064917952;0.0050238105755984475;0.40905143025938673;0.008420850620939776;0.5252694237657718;0.001851724850569916;625.1688336133957;33.84450299323246;0.13480698194201127;0.2517905988178009;0.1700739390824395;0.6856741726386791;0.8097498750128125;384.2832785526912
OCSVM_kernel-poly_2_scale_07_;0.18636924532397625;0.02385417421018866;0.16844405594405593;0.027128764385963733;0.1768713621643328;0.025630693009513858;0.7999934570418931;0.014649415306582668;0.9559495738785542;0.0007941990282213042;332.2584421634674;29.726531911174252;0.13401871406297625;0.017200976768206377;0.13999999999999999;0.02158971288552349;0.1368748861537295;0.019111634388658812;0.8294231429945716;0.015527754332276295;0.9641243983709737;0.0007255060326644019;265.8259844303131;26.297734228460786;0.09374675234407073;0.005357018380087578;0.23942063118228923;0.015608190484823889;0.1347338093558882;0.007996601027413622;0.4094553796729473;0.008775059004405034;0.5945251999588808;0.0021806067732169643;683.2548290967941;28.74160833774955;0.13804490391034108;0.18262156237544835;0.1494933525579835;0.6796239932364707;0.8381997240694696;427.11308523019153
OCSVM_kernel-poly_2_scale_08_;0.17787208709737817;0.028669306787381905;0.09742132867132867;0.02302096794164103;0.12562075386602073;0.02626444026589705;0.7933964244635285;0.014511545585356717;0.9620687553948493;0.0005966281711425593;351.83565881252287;15.537805376922682;0.12764364020409677;0.023272766515742765;0.09363636363636363;0.022286637585693204;0.10792340964814975;0.023040350671259348;0.8191398680684395;0.015437928413433173;0.9686412439837098;0.00045495023056072386;278.29138243198395;15.911296756367495;0.08657770616731467;0.00876620598242186;0.15303680775183365;0.017457859679368463;0.11058442264137858;0.011695186261941118;0.4056963624316644;0.009342989040498618;0.6755859087325311;0.002505568279706997;729.1443498849869;24.996861283491327;0.1306978111562632;0.11469816668650866;0.11470952871851636;0.6727442183212108;0.8687653027036967;453.0904637098312
OCSVM_kernel-poly_2_scale_09_;0.1451518331559641;0.045129201361940985;0.0403506216006216;0.016069602677954504;0.06298570628645007;0.02372710777314857;0.7882031141579577;0.01472563539891335;0.966422834929979;0.0006239802083006582;365.0887159824371;17.038725472609222;0.0826803294207854;0.03959334430522154;0.031818181818181815;0.016885614200915187;0.045868543606329124;0.023635356866923644;0.8088206039991753;0.015402806248444723;0.9732691595705296;0.0006423306765234183;294.44495635032655;31.856575449762307;0.07770196393313471;0.013819753007912126;0.06873830832380054;0.01414675555478783;0.07293109095929019;0.014039445176446912;0.4008414869128739;0.009674664531606425;0.770059932050159;0.0013332591352505409;829.3412932634353;60.813908433912374;0.10184470883662806;0.04696903724753465;0.06059511361735646;0.665955068356669;0.9032506421835559;496.291655198733
OCSVM_kernel-poly_2_auto_01_;0.15414003087770217;0.08764572243249825;0.2674048174048174;0.25760411365003844;0.11490307221500654;0.06760912077267306;0.7688646963110888;0.016011325485636423;0.8851449730025756;0.1335510092039611;42.17738792896271;1.7600066499006952;0.047004113073024635;0.03255313569517038;0.09;0.09650504204701363;0.054640085808728645;0.03838170615081133;0.6845824744039031;0.022551649193691698;0.9492410218437616;0.0395893269150638;28.074584865570067;2.9234098044910035;0.09991376381315013;0.01937871351240573;0.49205167889105705;0.3053930468961074;0.1597128959559596;0.048103886415405035;0.38272879252615427;0.011142622070641553;0.40304953538260013;0.21159371212470116;80.89940149784088;2.630799692064835;0.1003526359212923;0.28315216543195815;0.1097520179932316;0.6120586544137153;0.7458118434096458;50.38379143079121
OCSVM_kernel-poly_2_auto_02_;0.13083406441373818;0.08963629252791677;0.21105769230769228;0.2632914629524103;0.0904091458728701;0.07274174527325135;0.770876691701616;0.015833550994654524;0.9082075262874719;0.11972643272312117;80.15466215610505;5.862584755273417;0.043986649213109866;0.039869002046151174;0.24909090909090909;0.2636112840735561;0.05178581632820374;0.031243879533980484;0.6970661547447261;0.02229505939440229;0.8495186967789706;0.1501084766296416;58.45181756019592;2.3924290218353987;0.11011037923223888;0.009945529194758643;0.5313949263172061;0.22393710573556053;0.1771499204448113;0.03123685335359739;0.4070052676017045;0.009620375864066763;0.38687482481571844;0.16710227807526978;164.6669159889221;10.803633689715838;0.09497703095302897;0.3305145092386025;0.10644829421529504;0.6249827046826822;0.7148670159607203;101.09113190174101
OCSVM_kernel-poly_2_auto_03_;0.10499903567250857;0.03924534636431346;0.46402486402486404;0.2596873634830829;0.13585479965138908;0.0422154105236401;0.7742289908908224;0.016011511063188353;0.8152129922474203;0.16861211889887218;123.70533003807068;8.744905745117132;0.04614953516822393;0.020299165752980658;0.640909090909091;0.27864044190994347;0.0755826479335299;0.017095975819978113;0.7431368102796674;0.018622481260034244;0.6398000740466495;0.19574881256535795;93.46964082717895;7.565330914131984;0.1096075168233622;0.00883369263418785;0.4643577148240361;0.2618030773416981;0.16772719234793726;0.034511938145605894;0.41096136204428807;0.008955583598264325;0.4479011488810568;0.20570861384739866;242.34978721141815;13.133743965108525;0.08691869588803157;0.5230972232526637;0.12638821331095207;0.6427757210715926;0.6343047383917089;153.17491935888927
OCSVM_kernel-poly_2_auto_04_;0.11640569333100151;0.05354724719888866;0.47088189588189594;0.22935738101126144;0.15813961168273669;0.03652882272251026;0.7811418505673047;0.016310626984622864;0.8246465222028704;0.14751139727219417;157.63660209178926;11.025291657100913;0.06837031986237603;0.0395467105335567;0.3681818181818182;0.3425294823529673;0.08810270077066945;0.038928141767837994;0.773747251425823;0.016515588614952035;0.8218807848944835;0.1982576360045377;122.35098910331726;6.5135109426993;0.11536662721673219;0.00726612506812761;0.6590390956194064;0.21709961073160092;0.19364622429059464;0.023142084497840814;0.41418866027394524;0.009951137527792128;0.30078997719940714;0.1541893473699248;348.00788366794586;19.721120346248156;0.10004754680336991;0.49936760322770685;0.14662951224800025;0.6563592540890243;0.6491057614322536;209.33182495435076
OCSVM_kernel-poly_2_auto_05_;0.05780772063856969;0.045766557023235205;0.42847222222222225;0.34016508905036386;0.08922451268474571;0.061230262118578876;0.7869322690147615;0.015721729860936715;0.814432552448572;0.15286634338795596;198.2965832233429;13.534308355117927;0.0;0.0;0.0;0.0;0.0;0.0;0.7891729368515084;0.01601098522389344;0.979618659755646;5.553498704182757e-05;153.75338203907012;10.71633921034255;0.059155653457494725;0.0593431018283621;0.283419689119171;0.3371464807317205;0.09027555892859651;0.09756131234775553;0.4230353111610503;0.009919989462661354;0.6339151968749349;0.27692385320774154;442.8297271966934;18.592941866955044;0.0389877913653548;0.23729730378046443;0.05983335720444741;0.6663801723424401;0.8093221363597176;264.9598974863688
OCSVM_kernel-poly_2_auto_06_;0.1102581810601871;0.06460636921737295;0.5379904817404817;0.2691818483984713;0.14241323135106898;0.0467025888219438;0.7925345656557816;0.015202346990875075;0.7672120457468602;0.17663216822744005;240.283220744133;15.355744753097435;0.06968785505875594;0.028448365265517826;0.5745454545454545;0.2214826075667014;0.11180162036221801;0.026224383470808143;0.7975691438191438;0.01561357568307968;0.7885968159940763;0.11190779895686045;176.98137392997742;9.886770593548173;0.11175655235808424;0.007098149872883761;0.4435387928134042;0.23573517063917826;0.1693744327129691;0.034044371652914955;0.4298973942133114;0.00987739202073642;0.4736125814687403;0.18203589327920033;505.5132778644562;27.088574257690105;0.09723419615900909;0.5186915763664468;0.14119642814208536;0.6733337012294123;0.6764738144032255;307.5926241795222
OCSVM_kernel-poly_2_auto_07_;0.1305872283818478;0.05732990949895951;0.43398407148407153;0.2776578433127198;0.1601016964917914;0.04093620868798181;0.7958532180063462;0.01504988580106441;0.8239610440619785;0.19008638878215026;273.99884271621704;12.11090285761014;0.07729504926289667;0.026850585338938877;0.48454545454545456;0.19713023760578285;0.12448563430762445;0.028556758328653044;0.804054919947777;0.015248378844562475;0.8410588670862642;0.09330190753025015;201.72750718593596;12.629044938700462;0.10433397646831137;0.013980579744571035;0.4286548684476146;0.2593564154362823;0.15529669658873577;0.0517211247112633;0.41630670716422313;0.010161343888569128;0.47413701617818793;0.2085562663314438;613.5247452497482;41.43708248747261;0.10407208470435196;0.4490614648257136;0.14662800912938387;0.6720716150394489;0.7130523091088102;363.08369838396703
OCSVM_kernel-poly_2_auto_08_;0.09319822136933636;0.04261452138839842;0.5579691142191142;0.21883005700989755;0.13155008352927516;0.03327081637262239;0.7901569094656884;0.014887486927422531;0.7861019872434006;0.10517416464591943;318.4835102558136;20.237798115333447;0.02371730097208517;0.03771315918876352;0.13727272727272727;0.2124415330359807;0.039873064122944765;0.062496092587290615;0.8013431079502509;0.015437455645412311;0.9454461310625695;0.05316838501864592;240.54162740707397;9.278726696291255;0.10733592361914704;0.007722915556231922;0.46880694435098585;0.19892271290109695;0.17125070413390148;0.02268380370000238;0.4020820687682735;0.01054907555038393;0.4272304222711001;0.15131550894771836;669.1857847690583;38.9268330643149;0.07475048198685619;0.38801626194760913;0.11422461726204047;0.6645273620614043;0.7195928468590234;409.4036408106486
OCSVM_kernel-poly_2_auto_09_;0.08299211286519996;0.03914857281915496;0.6266365578865579;0.2659328844379657;0.12446878209886778;0.03629381862314368;0.7891478723233264;0.014994656745218517;0.7061251250350937;0.1901158343775546;346.13674540519713;13.199490038330213;0.06936354225996841;0.04021414711960671;0.6318181818181818;0.2938276888650926;0.10179524913185849;0.032760039911771587;0.7991166769738198;0.015621279294842333;0.7243798593113662;0.1558114963339728;251.18315660953522;20.2544403176767;0.11198464049903789;0.010415410822112834;0.6349619810241572;0.22405192387740336;0.1883299739177729;0.02587384577997126;0.40344565288053474;0.010465612414736408;0.3046735946561799;0.14499312942538628;760.575283074379;46.474816308941485;0.08811343187473542;0.6311389069096323;0.1381980017161664;0.6639034007258936;0.5783928596675466;452.6317283630371
OCSVM_kernel-poly_3_scale_01_;0.247385745813176;0.017942957394451283;0.1816142191142191;0.018891802616836036;0.2092711853058197;0.018207273772862465;0.8663459842937643;0.012562538748752312;0.9613823462950257;0.0008820227982412299;301.6003312826157;16.350039824826442;0.1398461224445246;0.027193560204350018;0.12454545454545456;0.027589074373624577;0.13169658640747492;0.027439677729733467;0.870683450147736;0.017150540475263713;0.9666604961125509;0.0008130392912253984;260.86678915023805;18.35192630163671;0.11831871485813199;0.004400904476465185;0.6300942063118229;0.025805074348113768;0.19922488333995322;0.007509115590995102;0.43733307960030193;0.009854174063652488;0.3319417993618082;0.006100161538944499;250.34465248584746;13.424732343982166;0.16851686103861085;0.3120846266571655;0.18006421835108263;0.7247875046806008;0.7533282139231283;270.9372576395671
OCSVM_kernel-poly_3_scale_02_;0.22081856726983365;0.0228978143076964;0.1259566822066822;0.01536307596842518;0.1602194345750117;0.01749197692874284;0.8486288954906511;0.014093395649524453;0.9628336997285061;0.0009881141072839966;312.4439703941345;15.286953886718694;0.12557383775824846;0.026495359123669925;0.09545454545454544;0.023443267196777497;0.10839098439144326;0.024907088081753178;0.8610730605373462;0.016345400127536328;0.9681414291003332;0.0006849315068493142;269.4761641025543;17.347937288610225;0.12133380708765737;0.0047652636388303546;0.5452573851019447;0.025806617546196585;0.1984934094772602;0.008066542537737748;0.4470474925480123;0.008577516184178083;0.41933322608601376;0.004663469035894985;399.12657859325407;19.988726213401566;0.15590873737191316;0.2555562042543908;0.15570127614790508;0.7189164828586699;0.7834361183049511;327.015571029981
OCSVM_kernel-poly_3_scale_03_;0.19136909742500544;0.016644295731016858;0.09463383838383839;0.01245638458324606;0.12650115125447092;0.014273364075229653;0.8347154901102934;0.014545249668758281;0.9632455298006495;0.0005766860771498786;354.0883302927017;19.975739032684153;0.095264252793305;0.02790138133484176;0.06272727272727271;0.01926329100037917;0.07556383047418422;0.02261940649235226;0.848970744863602;0.015541439990016932;0.9688078489448353;0.0009556393557304902;290.1653686285019;18.439526415513757;0.11614027279008773;0.00400947308390173;0.4137487383083238;0.017457796134599062;0.18136685119913515;0.006552354528609992;0.4560741693151969;0.007458239923393408;0.5074424839415871;0.0027051430937991903;531.2555482625961;40.95789186911429;0.1342578743361327;0.19036994980647828;0.12781061097593008;0.7132534680963641;0.8131652875623573;391.83641572793323
OCSVM_kernel-poly_3_scale_04_;0.14468049151148468;0.023061858879526113;0.059843628593628594;0.013639404509619637;0.0845513828219126;0.01750015143422745;0.8220062026772421;0.014533010908562736;0.9636573944952321;0.00034116179604429936;376.1764734745026;28.41946861972493;0.06184698250118722;0.03211696974243237;0.03545454545454545;0.019687643479734285;0.04499855997359846;0.024279941906668077;0.8351801175015462;0.015161822253344162;0.9696593854128102;0.000679909947138365;301.3874393463135;7.6846045614914535;0.11303302906917005;0.005119829454832692;0.31906735751295334;0.01696988902478675;0.16692654157319547;0.007896974224391048;0.4582488104125691;0.008218561492048157;0.5800516238953585;0.0025384088722895967;639.8132771492004;41.23715900981487;0.10652016769394733;0.13812184385370913;0.09882549478956885;0.7051450435304525;0.837789467934467;439.1257299900055
OCSVM_kernel-poly_3_scale_05_;0.11302028320929469;0.04050759375598939;0.036169386169386177;0.014485872055093883;0.05472866979688477;0.021394912036195122;0.8131147577615792;0.014657177115725287;0.9649714622618102;0.0008191251243253443;371.8957503557205;22.60411756823879;0.03459672357931955;0.03042886744121304;0.016363636363636365;0.015102952478032864;0.022179485269177568;0.020124704460573895;0.82196978286264;0.014792594134724339;0.9709366901147722;0.0006195187164265662;303.88418102264404;23.7233113133663;0.1127985634278158;0.004814660454526292;0.24850481125092522;0.012027446599121966;0.1551635006226349;0.006886619277747396;0.4520644047532625;0.0081618770816711;0.6431138322581673;0.0022440937079052266;695.0359558343887;37.838811481449234;0.08680519007214334;0.10034594459464925;0.07735721856289908;0.6957163151258272;0.8596739948782499;456.9386290709178
OCSVM_kernel-poly_3_scale_06_;0.07124289182102744;0.036141875669269886;0.020158313908313907;0.010020689797213584;0.03131020470782135;0.015434255882478244;0.805281690223668;0.01435235220879644;0.9649518544201815;0.0010561931510420113;399.9695332765579;25.40492996481573;0.01566117053982984;0.021236442535771508;0.005454545454545454;0.007272727272727273;0.00807040155137909;0.01080087140323177;0.8103770700199272;0.014831436427864997;0.972769344687153;0.0007785909235399295;270.1606662273407;11.739566110601153;0.10981929902518388;0.007864068520241584;0.1732756880425274;0.01422650590772781;0.13442968850476897;0.0101631464176397;0.4422122671269597;0.008739775012565038;0.705834101978151;0.0021722350350991903;711.9403684616088;41.247696454539586;0.06557445379534706;0.06629618246846226;0.05793676492132314;0.6859570091235184;0.8811851003618285;460.6901893218358
OCSVM_kernel-poly_3_scale_07_;0.048858779850159156;0.03062501143690334;0.01182012432012432;0.008245720544526967;0.018988331674604262;0.01292396947586046;0.7999671156570753;0.014203681652239357;0.9657952108856642;0.0006453112002904513;387.716933298111;19.556705639183587;0.009012445887445887;0.013780133770821004;0.002727272727272727;0.00416597790450531;0.004186362447654336;0.006395117849921166;0.8026345942417372;0.014941569454862571;0.9735838578304332;0.00046867785639287396;310.0485507965088;28.927438530250534;0.10185776328399106;0.011532034107881195;0.10297355494246685;0.013749560392294018;0.10240124121389509;0.01261600384749725;0.432022698474793;0.00930132626315405;0.7621899223580922;0.0014644202414285604;797.1711248159409;18.7797657973852;0.053242996340532034;0.039173650663287964;0.04185864511205123;0.6782081361245352;0.9005229970247299;498.3122029701869
OCSVM_kernel-poly_3_scale_08_;0.019126479852286306;0.019769894486486115;0.0034722222222222225;0.003472222222222222;0.0058523796745549965;0.00585683003852699;0.7947723029017176;0.014359412250051839;0.9668738960731306;0.0009670912184689679;401.1839549303055;20.509905955376198;0.0;0.0;0.0;0.0;0.0;0.0;0.7968439497010926;0.014991183517987061;0.9746760459089228;0.0004285759682632493;310.47242436409;17.323167657553775;0.09647670783045392;0.016601035364523113;0.047208801561133176;0.009607909535896842;0.06338276404967777;0.012236463891331718;0.42157642531473555;0.009709791808508998;0.8163216370530592;0.0007313127971510619;822.8269253253936;56.403614036397464;0.03853439589424674;0.0168936745944518;0.023078381241410924;0.6710642259725152;0.9192905263450375;511.49443487326306
OCSVM_kernel-poly_3_scale_09_;0.015101010101010101;0.023177856662896307;0.002088189588189588;0.003189786929027726;0.003666381043373676;0.005600916302314063;0.788933088158618;0.014547634726114311;0.9683644805776191;0.0004730155684289125;366.6330732345581;21.86405970651366;0.005;0.015;0.0009090909090909091;0.002727272727272727;0.0015384615384615385;0.004615384615384615;0.7900330687830689;0.014949465962424534;0.9759533506108848;0.0005581197123910247;294.0109998941422;19.581818914556887;0.07135771170638344;0.04347654177647011;0.005965951147298298;0.0038575251596164313;0.011009506437703548;0.007087407447364502;0.40667155902215874;0.009998848386723927;0.8590248268178244;0.00045249475614995364;834.5505985736847;52.14610863186005;0.030486240602464517;0.002987743881526265;0.005404783006512921;0.6618792386546152;0.9344475526687761;498.398223900795
OCSVM_kernel-poly_3_auto_01_;0.10028671388129033;0.08082763338878046;0.12811285936285938;0.17609531225207936;0.06904886195884072;0.061897753648746785;0.7694185710438234;0.015911144409036973;0.9412395956683788;0.0492534246407986;36.98316855430603;2.4369961124332638;0.016408668730650156;0.02511559221344529;0.01;0.024206412646717;0.00953088469668346;0.01919188509079491;0.6844654023225452;0.021241268893699462;0.97489818585709;0.007904804961895112;27.471186232566833;1.3353768115132567;0.08625923739394677;0.035120509419605775;0.4368575465984793;0.3273868608592522;0.1387307878759549;0.0662638974005625;0.36904802649341;0.011926005470300743;0.4389342660571834;0.24665049031578418;83.00564877986908;2.687499794268428;0.06765154000196243;0.1916568019871129;0.07243684484382636;0.6076439999532596;0.7850240158608841;49.15333452224731
OCSVM_kernel-poly_3_auto_02_;0.060866927132746676;0.06968688890270522;0.09408022533022532;0.17530473466283758;0.04708100529961036;0.07383938455259256;0.7729495647305941;0.015980107908053383;0.9542029564331994;0.0339172050326358;76.12763645648957;5.741483745963116;0.01586784963540976;0.019600935883963392;0.14727272727272728;0.23008442575543137;0.02559334396445868;0.03179129503813642;0.6969794028722601;0.021051032323478488;0.9039985190670121;0.11698753141233194;59.93542892932892;3.9838602565050403;0.10510360287949672;0.007993991002462907;0.4774840185721015;0.20519468882487843;0.16684840253563132;0.027379064135456224;0.3970048477340554;0.009886177573861335;0.40596540969529815;0.1684750494199763;178.76668765544892;9.228080052106879;0.060612793215884385;0.23961232372501803;0.0798409172665668;0.6223112717789698;0.7547222950651699;104.9432510137558
OCSVM_kernel-poly_3_auto_03_;0.1041683564744221;0.06650398146140589;0.26371891996891994;0.2623336496701993;0.11547261663218786;0.08120116536379773;0.7751066420825501;0.01595858780229293;0.887817190595222;0.1659633227183188;114.09585592746734;7.584688412237404;0.04190457091602817;0.014359168387987611;0.6409090909090909;0.2804143922928327;0.071505668728962;0.012682034024324617;0.7375521370164229;0.018322254274344713;0.6264531654942614;0.20263409566255275;89.53433644771576;3.233068273864433;0.09787516892855974;0.03338062480661397;0.41378642083305295;0.2678937396199404;0.1491778737106932;0.05791832971280773;0.4001674203021313;0.008996190616889626;0.4816704144687405;0.23238354274084996;265.2238037347794;21.87225217466775;0.08131603210633667;0.43947147723702124;0.11205205302394768;0.6376087331337014;0.6653135901860746;156.2846653699875
OCSVM_kernel-poly_3_auto_04_;0.12844411429194375;0.03990174446625731;0.33799533799533804;0.22334321454501077;0.1498762252346395;0.05436031256854661;0.7822410097050612;0.016248286403236178;0.8800905315244621;0.13373332388291975;160.3048269033432;12.982813585476256;0.04720702916137581;0.038712726381893776;0.2872727272727273;0.36761909859648556;0.05474985463103399;0.040722215967912624;0.7632672816601389;0.016694240731967302;0.8384857460199925;0.20876642012039529;110.5104083776474;3.5392356456362855;0.11023860763294469;0.012290207071471998;0.5740750958885673;0.29049816617702306;0.17874160115975607;0.03641123715412879;0.4047464813671994;0.010266047407707427;0.3613081995259107;0.208073616844366;347.3890761613846;19.556412697247243;0.09529658369542142;0.39978105371887757;0.12778922700847653;0.6500849242441332;0.6932948256901218;206.06810381412507
OCSVM_kernel-poly_3_auto_05_;0.08686087733532319;0.06972200674299782;0.2791666666666667;0.29682605996870154;0.10131121014830993;0.08514069329597203;0.7878312103021992;0.01562132923027086;0.8870154118327651;0.12955906603092238;196.55801243782042;12.584077867732708;0.0;0.0;0.0;0.0;0.0;0.0;0.7757639318353604;0.016155485098338997;0.9796371714179933;0.0;158.85492658615112;4.772612066110385;0.05591890644180523;0.0561919598584942;0.2681347150259067;0.318478510798745;0.08568859281305616;0.09202973675176965;0.4126879474670509;0.010270507480372431;0.6287150600292285;0.2806146063412834;436.36852476596835;23.387916534350822;0.047593261259042806;0.18243379389752445;0.062333267653788695;0.6587610298682035;0.8317892144266623;263.92715459664663
OCSVM_kernel-poly_3_auto_06_;0.07960410603902178;0.050101978994591616;0.4441433566433567;0.34245123520062387;0.09576972251641622;0.05791264034174336;0.7930774194831965;0.015124139993039755;0.7917477145919964;0.17684182422444536;232.44368336200714;10.139044488012823;0.06141699524475698;0.02348583011937735;0.5827272727272728;0.2272890903200424;0.10182356556648438;0.023312527159511896;0.7826327045969903;0.015539852253640489;0.7609589041095891;0.12703959367138884;181.25225434303283;13.401705193441499;0.11046092448819429;0.006379622128217813;0.43652445999596257;0.23477114470409988;0.1661965829524244;0.03459502407590177;0.41981206320867426;0.01020854339232375;0.47193605764941504;0.18744134010825014;522.4906913280487;31.585739628485022;0.08382734192399101;0.4877983631221974;0.12126329034510834;0.6651740624296204;0.6748808921170002;312.0622096776962
OCSVM_kernel-poly_3_auto_07_;0.10673604303899557;0.06399713245724085;0.38023018648018647;0.3400574021410307;0.11189842985020318;0.06143399789768951;0.7963064849574688;0.014906780871613167;0.8289235014119416;0.19409573668974078;271.0077454090118;17.563523450237845;0.06553566128399901;0.019483601758065204;0.48;0.1782745584255313;0.1097341498517509;0.02244242269475414;0.7882283721569436;0.015099771472527477;0.8223435764531655;0.09563129247809121;212.99447927474975;12.062330600623229;0.0963567091613672;0.010247711974341336;0.2479846578292174;0.19003702339915787;0.12040053307059728;0.05123862844732964;0.40488853137218983;0.010611398610984004;0.6098212903725863;0.18448465572331188;601.1793697357177;38.035460921714844;0.08954280449478726;0.36940494810313457;0.11401103759085045;0.6631411294955342;0.7536961227458977;361.72719813982644
OCSVM_kernel-poly_3_auto_08_;0.08875814071120407;0.04814047731577581;0.47870046620046625;0.2442343873513776;0.13409499316519774;0.051089636229534406;0.7907769792154252;0.014792255502896555;0.8269359579502007;0.10261251384661445;323.2935248851776;21.966795013742438;0.01761384335154827;0.031078551404640647;0.024545454545454544;0.06480103049889722;0.01756853862376006;0.0402107454365779;0.7846507592936164;0.015423534238847117;0.9733432062199185;0.010161874150929541;237.16929776668547;17.739825520258442;0.10544652109150385;0.007034240879893647;0.4625920193795842;0.1989305064527934;0.16839983502636752;0.021789960331466046;0.39098918351444184;0.010873309340060998;0.4233974077526699;0.15337540840045885;674.1601636171341;43.04536007200204;0.07060616838475206;0.321945980041835;0.10668778893844177;0.6554723073411611;0.7412255239742631;411.540995422999
OCSVM_kernel-poly_3_auto_09_;0.08302512201789068;0.051557153117129835;0.4374660062160062;0.3722767236548798;0.09869174532457163;0.0491472001829522;0.7892026152034981;0.01485742635722946;0.776277593026456;0.20838675491253733;342.63957450389864;18.063599709537325;0.03661746933690889;0.019362602762435333;0.5336363636363636;0.3442094787905414;0.06186163349791701;0.032844401273911014;0.7815898783755927;0.015372242026397375;0.7477045538689374;0.14780837200829924;261.8334919452667;15.233108657064491;0.10938357828116725;0.0112677502107225;0.6230334432406971;0.22679715554962623;0.18407119083537002;0.027172759432181927;0.39245018686762745;0.010810917160314631;0.3002931856036631;0.1445256334579033;755.8990963697433;27.12803854590193;0.07634205654532228;0.5313786043643556;0.11487485655261957;0.6544142268155727;0.6080917774996855;453.4573876063029
OCSVM_kernel-rbf_scale_01_;0.028062800962528434;0.00023058842863235096;0.9874708624708625;0.00751201567442015;0.05457463754546824;0.00044665088863071755;0.24248259686831836;0.01861787740255779;0.035754197143710295;0.0003387274614858707;131.66169879436492;11.182648161576326;0.020279274790560787;0.0002163793717280798;0.9872727272727273;0.010909090909090915;0.03974221616706911;0.00042433949350026927;0.27770390984676696;0.0179442859738459;0.02850796001480933;0.000579506695390542;90.37191927433014;5.562868622398529;0.14750893250034613;0.0007162733794389499;0.9680936679900409;0.00603825145825805;0.25600938513270755;0.0012783188292257728;0.7861259387576219;0.011232096021735697;0.25779291104584173;0.000898568489136394;241.95814759731292;13.701029248293585;0.06528366941781179;0.980945752577877;0.11677541294841497;0.43543748182423575;0.10735168940145379;154.6639218886693
OCSVM_kernel-rbf_scale_02_;0.027676768650552415;0.000402110377733068;0.9658702408702409;0.011937555563496793;0.05381156914949101;0.0007784373220012682;0.24442101975275538;0.018493901886033892;0.042677530983044165;0.0008414376796720785;216.2486596107483;17.89642318123544;0.020058218911406585;0.00044559034163918856;0.9672727272727272;0.02196917449744468;0.03930144803618503;0.0008734697475220442;0.28068293479007755;0.018158447288663674;0.03707885968159941;0.0005856827848780604;142.68606317043304;11.423770620517828;0.16558217089594535;0.0015270078154835183;0.9211439337864207;0.011601908026254479;0.2807046060953193;0.002706396734826683;0.7865168262557166;0.011196151021423061;0.3773137614000037;0.0018363274583434903;375.8513577699661;27.228419390512688;0.07110571948596811;0.9514289673097963;0.12460587442699844;0.4372069269328498;0.15235671735488243;244.92869351704917
OCSVM_kernel-rbf_scale_03_;0.026365330087847343;0.0006007613918947976;0.9060460372960373;0.020937015600869763;0.05123960906684775;0.0011677494617885619;0.24663090287333475;0.018682826200963763;0.05436681289902843;0.000964756064795004;299.6309052944183;25.252670169315287;0.019520525455706206;0.0006898450757259332;0.9236363636363636;0.033574882386580726;0.03823301583264857;0.0013519148949174536;0.2834146739503882;0.018872408776788953;0.05379489078119215;0.001317322982203421;204.2469074487686;15.825034748178524;0.19982493502163784;0.001906453048062223;0.8485142318821074;0.013620061057280941;0.3234657713146799;0.0032780400246930036;0.7861089426053655;0.01121239165497736;0.5318388606681694;0.003752090051887739;535.6177097797394;64.66975185050744;0.0819035968550638;0.8927322109381693;0.13764613207139206;0.43871817314302947;0.21333352144946335;346.49850750764216
OCSVM_kernel-rbf_scale_04_;0.025284431485253667;0.0008241876881702816;0.849679487179487;0.028703918781784313;0.04910751764087011;0.0016021370415447423;0.24694384170040076;0.018452643693215448;0.07264591838752374;0.0011937795979345225;367.115655708313;36.39458254231589;0.018634298747443705;0.0005686979652356241;0.860909090909091;0.02698331287210151;0.0364790113515944;0.001113924160290593;0.2843765031265032;0.018804284080272193;0.07395409107737874;0.0009627844223580789;271.1679329633713;24.907334534187264;0.25268885258275675;0.002051403717217235;0.7437198035125496;0.018272777823647016;0.37717624591823423;0.003777177099691814;0.7861248233101181;0.011185838615488431;0.67606490382983;0.004656722877461799;677.6477210760116;73.31942183502197;0.09886919427181805;0.8181027938670425;0.15425425830356623;0.43914838937900735;0.2742216377649108;438.6437699158987
OCSVM_kernel-rbf_scale_05_;0.023650152132849864;0.0011162964165234855;0.7696241258741258;0.036545067939205186;0.0458901069590322;0.0021662591405308754;0.24775570362477523;0.01857954948082691;0.09806415168752464;0.0015304911677328204;466.7117760181427;31.168074986880654;0.01802166317007394;0.0006879392851921197;0.800909090909091;0.03212835826740415;0.03525014105396873;0.0013470948059564098;0.2848290730433588;0.018669118852450615;0.10736764161421697;0.0010982892983481185;339.74564065933225;30.70324505413295;0.32512683575493523;0.005346553964967193;0.6277713478231612;0.027825689079257098;0.4282887491258528;0.010495372323957053;0.7859867611194706;0.011244359465021583;0.7790933175787489;0.0025642093786542616;920.2333886146546;73.71912486464416;0.12226621701928635;0.732768188202126;0.16980966571295122;0.4395238459292015;0.3281750369601635;575.5636017640431
OCSVM_kernel-rbf_scale_06_;0.021488425909112232;0.001145674586326606;0.6694250194250193;0.036879313831697604;0.041640163883030115;0.002222030108297017;0.2481452742514801;0.018594273860409682;0.13164125520654174;0.00288392520258967;555.3225050210953;37.50353254085476;0.016840929405595846;0.0010573827321825652;0.71;0.04625656084803111;0.03290144285745858;0.0020675595885138714;0.28577638631210056;0.018735179453642944;0.15020362828582007;0.0013783421302470402;355.3203142404556;20.104039661402865;0.45059505418240864;0.009316911962195808;0.512587309063993;0.025485323490843374;0.47948416539213234;0.016120163953428985;0.7857094304475447;0.011201416411924039;0.8533448050498971;0.0024976562985773425;1117.651996421814;95.4414303582667;0.16297480316570556;0.630670776163004;0.18467525737754034;0.43987703033704184;0.37839656284741957;676.0982718944549
OCSVM_kernel-rbf_scale_07_;0.01866374367686619;0.0017621021957840864;0.5428564491064491;0.05460917750225973;0.036086735112422434;0.0034143594099431346;0.24908092706150226;0.018623823341417423;0.18316430786550275;0.0025573712196827183;685.2905275821686;49.99305095706207;0.015110749784079346;0.0008249344099243107;0.5836363636363637;0.03372224907452986;0.029458770982468886;0.001610515306785073;0.2866042224970796;0.01868958590361361;0.21704924102184378;0.003523299946440997;490.44590508937836;23.145324967510874;0.5727031394675731;0.012389098146365072;0.38962721216607227;0.03058249883597983;0.4633472504945507;0.02518162259191758;0.7858608575851107;0.011184950695249286;0.8812319415300726;0.002924482412423324;1212.2686502933502;77.32691496948134;0.20215921097617287;0.505373341636295;0.176297585529814;0.4405153357145642;0.42714849680580635;796.0016943216324
OCSVM_kernel-rbf_scale_08_;0.014425376848429627;0.00191672325957983;0.36887140637140636;0.05164946464923891;0.02776488306759507;0.003696553041134768;0.24896272160399305;0.018543331293828357;0.27261847048679383;0.0028150965428720303;749.0514553308487;42.95330240862406;0.012636982438484105;0.0009667452616215264;0.4372727272727273;0.03460521147395323;0.024564063599297283;0.0018809680574740804;0.28797438672438674;0.01875965766362135;0.29298407997038134;0.0021301285484929683;539.6754390954972;47.61842569568097;0.709515282011253;0.017598450882159975;0.314658502119642;0.028378252778690504;0.43554026493730547;0.030707806910912357;0.784622681680087;0.011163456336924855;0.8926946544704453;0.0035681985065523837;1459.3308618307115;92.87286836743293;0.24552588043272225;0.37360087858792523;0.1626230705347326;0.44051993000282225;0.4860990683092068;916.0192520856858
OCSVM_kernel-rbf_scale_09_;0.009800728877478751;0.0021026280090188872;0.19627525252525252;0.04447934488977326;0.018669056857487532;0.00401562994411122;0.24989990528587902;0.018724985782738096;0.41979314092540854;0.005011958184453855;811.2727807760239;59.61577800869767;0.009234183093445323;0.0018648346832208626;0.2545454545454545;0.05285251583181321;0.01782179556774917;0.003602606750475604;0.2896075551432694;0.018862897233102537;0.4295261014439097;0.00359912611361953;571.5985405445099;46.41963076981313;0.8438660823962009;0.020651409864199635;0.15952762263643092;0.02395622489553738;0.26772267434178143;0.034779344109668875;0.7843443444397918;0.011174372595342763;0.8853036047510094;0.003111501825141377;1564.223477935791;88.74717308925786;0.2876336647890417;0.20344944323571265;0.10140450892233938;0.4412839349563134;0.5782076157067758;982.3649330854415
OCSVM_kernel-rbf_auto_01_;0.028150327195933737;0.00015075361864069927;0.991652097902098;0.005205916531114084;0.05474653340783624;0.0002916966476233343;0.24167948992368768;0.018920580727011124;0.03489124437741199;0.00018454595216286907;98.33439168930053;7.599820705180875;0.020357922257561244;0.00021553503606978807;0.9927272727272728;0.010601730717900545;0.03989766056446393;0.00042247955839470175;0.2787977564763279;0.01793214224776924;0.02710107367641614;0.0004072565716401336;69.29780662059784;3.7154888469324305;0.14296435928770776;0.0008443807643020863;0.980808155574995;0.007439864258465457;0.24955318804010015;0.0015184821136672783;0.7861532629113878;0.011189884060368504;0.22189912991514116;0.0015421204479837936;171.8738540649414;1.8385942032125144;0.06382420291373425;0.9883958420681219;0.11473246067080012;0.43554350310380113;0.09463048265632311;113.1686841249466
OCSVM_kernel-rbf_auto_02_;0.027754360689666656;0.00036531215259914487;0.9700563325563325;0.011315369771799684;0.05396472016209382;0.0007077339159668876;0.24351177105213426;0.018556264067152946;0.04142231366991628;0.0006662007704006638;185.45802547931672;16.982740977765207;0.02022468518965064;0.0003089577089012443;0.9781818181818182;0.015320272314866108;0.03962998873840913;0.0006057059485698784;0.2800438912938913;0.018149465251162945;0.03461680858941133;0.00036085873175894075;136.16800949573516;8.482681690262776;0.16328034062144559;0.0014723186232226426;0.9242561065877126;0.011044491275077577;0.27753036008125703;0.0025756456810622523;0.7862551513689184;0.011230262737493276;0.3652691380851389;0.002637157310721112;383.75240268707273;29.724756569703132;0.07041979550025429;0.9574980857752878;0.12370835632725334;0.436603604571648;0.1471027534481555;235.12614588737486
OCSVM_kernel-rbf_auto_03_;0.02648403361000721;0.0005877600004905474;0.9116113053613054;0.020204675208246044;0.05147267619893805;0.0011420265614053983;0.24534065329221738;0.018697691616645678;0.05309196850958322;0.0007751311788495018;283.70592615604403;24.303440713972968;0.019543287406033828;0.0006697152344197969;0.9272727272727274;0.03277773886785446;0.03827978409960278;0.0013126146035204666;0.2820722531436817;0.018561584018751767;0.05127730470196225;0.0013297508327336522;206.7456583738327;17.224660880459883;0.1979968908025898;0.0018478673740013885;0.851368683130341;0.012519403156390121;0.3212703517182256;0.0030739565135740757;0.7860685262992975;0.011242182451194627;0.5255086461711886;0.004121150486965408;585.2325987100601;61.992673942904425;0.08134140393954362;0.8967509052547912;0.1370076040055888;0.43782714424506547;0.20995930646091135;358.56139441331226
OCSVM_kernel-rbf_auto_04_;0.02534971788124164;0.0008022408056600107;0.8531565656565656;0.0279053250085437;0.049236459436746774;0.001559423908057972;0.24576689427849874;0.018514807140643016;0.0714103204568377;0.0009989702247246242;386.1031802892685;28.253183764822694;0.01870560063098147;0.0005526035091797358;0.8663636363636364;0.026363636363636356;0.03662052830852366;0.0010825218687276672;0.2830836425479283;0.01857690679636012;0.07182524990744169;0.001037314011560304;272.6903968334198;19.574277592798705;0.2511619276742011;0.0023914460122107543;0.7437211493170042;0.01788001079223779;0.37547652482778926;0.004141561211079249;0.7860256952900849;0.011225557572696821;0.6737039875630576;0.004644537590284092;781.6523594141006;40.729844157007115;0.09840574872880807;0.8210804504457355;0.15377783752435323;0.43829207737217063;0.27231318597577897;480.14864551226293
OCSVM_kernel-rbf_auto_05_;0.023674933119992404;0.0010758869965419343;0.7717171717171716;0.035336586430078414;0.04594047097992464;0.0020879898916334894;0.24645540144909467;0.018591607084357982;0.09665201009036381;0.0017779768186832743;458.5382694005966;36.055646122767094;0.018078415237464316;0.0007084434305812342;0.8063636363636364;0.033290606224728264;0.035363977281435435;0.0013874364046820833;0.2836069882498454;0.01853228196771138;0.10429470566456867;0.0010146012296219718;344.7219606876373;14.712203807711889;0.31983449071447756;0.005449900422301361;0.6301069914541417;0.027419624166534623;0.42421650218253104;0.010582860848181296;0.7859135946063001;0.01124154897478363;0.7745424953453961;0.002277468077426034;927.716030049324;64.01708809350835;0.12052927969064475;0.7360625998449833;0.16850698348129703;0.43865866143508003;0.3251630703667762;576.9920867125193
